policy,value
3,3.321013
3,2.923332
2,2.891336
0,2.923332
0,3.690021
0,2.840727
1,3.156364
2,2.907131
1,2.988912
3,3.248148
