policy,value
3,0.100000
3,0.008944
2,0.008653
0,0.008944
0,1.000330
0,0.006595
1,0.068161
2,0.008522
1,0.010000
3,0.089440
