policy,value
3,0.011080
0,0.009925
0,0.572520
2,0.000665
2,0.059694
2,0.100000
2,1.010000
3,0.007758
1,0.005715
2,0.099996
