policy,value
0,4.263132
0,4.257627
0,5.188488
1,3.844000
2,4.416833
2,4.736813
2,5.263132
1,3.835077
1,3.975148
2,4.736807
